86.45424298503761,54.78265199231163,-60.23908478082439,-81.08789712322488
-52.11723716921106,-87.66215598304576,-79.72190793624901,-645.0344512370312
-45.40728583081286,1.463883979357334,0.2112531164137294,-482.4187681159064
-96.78927451745672,98.8913233608705,-66.32564477863912,-2277.0628117084125
3.490078631095855,23.24712880702991,-18.933253756888035,-318.22839915024315
83.41691850980808,-15.38409762034243,-4.260842415621909,883.5102866998806
6.943774845601695,81.40142313520366,15.7439982397469,-378.6762293326865
33.29496893656437,-76.0868872969169,-68.50916413231624,228.9754232532158
-42.53152479571618,-80.06941317443037,97.56315755993272,993.2390623032454
-23.151232066972028,-0.003551611590268,-72.17482033231886,-901.060842379458
43.26497226565232,68.15759947119454,80.5360229699046,660.3707330873027
-55.21083585454629,4.769079400917377,31.019875089090107,-326.31303855007366
60.89236056927388,78.843967324772,-79.75629991829514,-680.7908648453215
58.10214604887932,0.7022473525061486,-64.7614545822672,-26.747362219154752
59.32637785139971,-95.71934771232652,-45.15647288309231,836.8909565524519
-8.710732103558527,50.54318021258439,29.53514713274822,-195.09325832894208
-79.55648948566842,5.76919317875209,12.848027821877425,-740.3169967110521
30.47095225171964,33.358482982838865,-52.85614568539807,-424.5051695312583
87.1246978810889,-77.95174588559104,-58.89082986551961,866.8917312203498
-22.33682585495073,10.620357424984348,-0.9077163235145348,-325.88020743602857
45.37102148447957,-52.46161482577418,-37.83824279901253,460.39733343410217
84.61055472635536,-92.95477632549712,-92.47961242464204,644.4724697202553
96.38792478697422,-61.842651854874966,-22.53151151966479,1173.9942071768835
29.0232144752508,72.78377545291619,-65.9897118307974,-833.161689895082
58.50823009877348,-74.03671500403317,7.063230648503875,1146.908381852502
64.1392489594283,-49.43109026632868,61.30488203185109,1519.1540597452436
-93.5058209263369,21.587330965945583,-21.327630064678644,-1298.1181966070958
56.30955181540537,-22.148563765879885,81.19511003890031,1428.8914548653156
87.58879975945442,62.818500697783946,24.41353077698352,635.8802697029083
74.48603553042221,21.94698368261942,65.30172220697236,1158.9469693886376
-28.378293858881307,-24.42865328129018,41.54922962218129,241.16070097984985
-19.11594479899645,-39.28050331536311,-10.44317885907951,-30.18453451413835
75.44852320406898,-75.9254122026491,19.31160396356293,1439.7675531312998
6.904337227302463,-20.254664176319537,-44.61079785080064,-210.6711591499444
-31.10451486041221,-13.850118026633028,-93.0450143936606,-1071.4994519606362
93.94903739478228,-85.87484093298411,-84.71616144468446,758.1688074765514
8.209446980286543,-91.78475535627106,89.756261316485,1512.394109145128
56.52502847307065,-10.663159585724417,-24.114824554104004,402.85898084384127
47.25659207350398,42.286078570672174,4.682908540070869,198.70954760097243
-51.63853229207689,81.19666034474724,14.007491547833723,-978.694521403496
-37.14064659361136,66.34423397557381,1.4052226077031094,-843.1691002958023
-66.22969464791598,-29.39900796759261,64.20830098746083,101.37081818113596
-80.88164020414229,-61.83299727776826,-45.575256089253216,-806.162725900324
-52.17214974351538,58.16000737483421,67.77006640344194,-338.9109514280159
-2.9543954062347666,83.90576989212136,-59.703014101453554,-1174.2114702202791
-86.04214405297175,-8.47765719749853,-56.65122453121991,-1330.9388609282069
-54.3643803552742,48.26729822789167,59.44009041467263,-366.5540774159301
57.966303752605086,-97.12716805239964,4.969155660559622,1284.2756148378849
-6.681112694457255,-23.07336491864507,-83.12796417407138,-673.4492500806995
-31.38354177913997,-41.96567987266373,54.53526738365738,450.7417477701628
6.41692596072771,-80.19430395976927,62.778818632148585,1170.5387550149994
2.3119376789598363,-54.77475040656425,-45.1640002980477,-19.93337304688123
-20.74048181369122,27.192679134391497,99.07574022224708,473.928089922571
-76.97804808008783,23.686343052093576,-60.92625355579351,-1503.921164167675
29.04568946395227,-21.65322726735566,23.71155362575543,635.4334681428112
85.35959609070125,50.029379374130485,2.317929016477322,504.251666436395
14.302862750625692,89.4023676980436,-26.57164120330306,-741.9327172097758
23.567190476969916,-1.3185555842794514,-0.689943611271616,218.6923013582108
12.83994113300804,51.268164592793084,98.25670714558107,633.8326234907586
70.7981720097143,49.88971396262113,62.2037939402658,898.5878678211874
0.6558023768133978,-21.826928183739923,28.50347252286693,395.87777376011576
-30.92201660728269,57.59939437462779,63.90677730160508,-157.25493098077573
69.4751325505263,-92.01814378324912,28.170330261754916,1572.411304343801
-39.56686439127133,-81.51661445379217,-74.137180718917,-512.286969206421
29.696947333806747,-9.57859840070894,-28.033680394833095,91.7165385895322
39.33583800251873,-40.85758331222591,-63.97304211860113,83.60408414335848
-28.383698949598696,-36.33487116191753,29.977256641986514,220.30241841531443
72.8010296495811,26.547724674502504,39.59648722221067,878.5446087741896
6.423885582757862,-62.42593941441286,-73.44603255054236,-179.79386122641256
-3.5540133639239144,-92.26321673477536,-70.22677931450599,-41.73863032636552
65.55762309096923,-46.42308417196144,8.257205140924214,1034.8526663817404
-61.44083072315218,-85.48111547265242,-35.63227471096326,-356.73097132162417
-18.722682098505203,86.31286032229886,96.52614322107117,57.31844574849629
-77.80500752166535,-13.264148607180928,13.312787909772709,-585.3859437784325
-90.13764237167688,-96.64928777359783,-53.8107745662406,-729.1283803977492
-7.045416394192003,-11.64800188329218,45.53420375585483,400.8896830438188
-28.83351426155707,58.19818564315824,49.76501312039474,-267.8373240341257
17.080149862129602,-85.65876827107175,4.236804001717815,788.5441125342586
60.896080297627066,-97.6071231856313,-57.272372096263794,756.7593164093156
69.63001487846154,-9.363450193122418,-44.67426006120747,339.7759595856052
-2.0646227819971017,-83.09926422453415,-68.82326959352946,-78.36080458999709
27.946739642244125,98.22684857359306,-29.05220774080503,-689.5904132599554
96.1534009880391,5.275547352819316,58.314350866682986,1429.4343362108025
63.40352066650735,45.56762463266696,89.7652277663014,1102.9488841331172
-4.7152271603960685,39.72505521080637,6.724677797387187,-284.7055579031206
-92.62418150192342,25.11744315320223,30.36337149369089,-848.7935736484317
-99.8990798212978,40.72097321781917,-62.41196601087864,-1865.74530483562
-1.1112306210617078,25.2765134725325,-61.39083493342201,-760.5654149191427
-88.167000804461,21.39529741927457,-90.67253172483828,-1867.4898755030763
71.8446125193436,62.00607869121976,-14.318494781943995,135.53712131740176
-34.872412842007904,-99.7766840616154,83.8631797756833,1084.4812779923786
41.89159378326494,-88.33372780492361,14.725909844895682,1149.7852210711758
-55.62599706131506,70.12649982067867,16.06033831954244,-922.6024244820192
-7.0722963961276974,88.34045308862858,-30.36436676690464,-982.3854364838188
-10.325051062825352,19.041450375811976,43.04926530888525,130.9027245210299
-72.11552613278056,97.1534886158179,36.316696829563625,-1094.3794101724584
31.31859916650427,-52.22955699031586,-14.411976979464384,529.0850977820743
-34.19939047237877,-67.52584545337135,66.70518193427631,711.0336508582986
72.22442107962382,-94.19484563889812,33.83133979544098,1666.090188427494
1.3729825058826464,86.72992581128275,-41.06206856713754,-982.9382727243908
-21.48962862452781,56.63967105141535,19.81559953738032,-453.0335877687627
-16.855018161949758,86.26481121470604,12.624642456667033,-678.7820780124366
-81.66325744339852,95.66208638697566,58.97681668656804,-975.4758289637024
-33.81536572341706,-40.20085873841248,13.065724732329656,40.843876525683626
-9.430954640777928,56.87474422832079,-95.3990796911189,-1371.0244732260949
-3.618558207806672,43.04992317238856,94.87838769135192,496.3704449373806
-99.53257066024617,-91.77912462723792,-80.5407796157545,-1097.7388507535866
23.233689504302205,-71.11746113199248,-92.9559305053266,-126.44425158097
38.95480049505849,82.88850968709741,64.76508530634527,372.21420489801056
-17.032417247316033,-36.72497164450699,-71.98243864855962,-581.091318798648
-37.62546948830297,-99.0832294369142,46.59542907623231,716.6867728614607
-83.5947862519668,-40.08856441550923,41.66651281435992,-200.3292962818641
89.48682405932033,-44.14608442885813,-99.89676263826844,284.8199678507942
60.3916835546849,73.9947736643467,-97.83955885553148,-814.6026098033611
25.761219427490214,-96.09702091913674,5.349658045948672,958.4382631223974
44.30498078436813,-81.53122501368857,2.1267742302381976,1012.909351011645
-74.1745570963484,-2.7815277636682225,74.34784507692399,-73.14427092549056
89.37917047196461,-86.67860990555536,49.61354514302397,1927.063880345749
51.52622087161174,-10.138147215412218,41.97693649760117,944.0216677024134
65.167476055044,-44.29501449858453,75.23637008211287,1618.8671927795476
-23.36907777156749,-17.840351819462043,26.234388216222328,107.30117896656036
-97.96983651706596,-42.912016072244285,-31.84662882975522,-985.9339121327466
-36.92095917300584,-29.334183194871827,-58.07042362068533,-706.5041219521236
61.05237716645121,60.18054580010539,0.2640129141163498,171.63606729082147
47.822034906349785,-29.21728811104505,-50.35494004520624,209.54690543395697
-34.3351383754042,-99.79945394277514,-63.831369148600615,-239.2375284920215
-89.49414636683161,56.29879651863757,-78.14527420555916,-2012.340507148812
90.65118746371306,-7.959224636004649,90.0657823104693,1752.818487883387
49.83124197852155,-59.51036572249247,-19.272915358367285,721.4287416173571
4.921358792292182,-49.196097989621656,91.5282710831849,1197.3407135989376
27.510500503873644,-36.20935788388948,-78.74240491660547,-200.11113402348636
97.56119357225812,61.89457753036936,-37.83544733738447,181.83086697353565
72.85610585720525,18.132299608881937,32.188221628190576,871.3289559635941
45.538478092861055,37.97101345601212,-63.11220134289006,-398.4221253494849
57.5828224461018,58.28917811682845,48.432745170611184,583.6986841787194
23.70812067095285,-57.898842090709344,95.33649181780902,1480.4015277047752
-95.10038808577724,-6.857303591348767,-66.30964575701242,-1519.7895675314426
51.98711452044452,23.624881063433502,-44.93104520767255,-69.88242910864227
96.85348550550584,-55.96258859887671,24.372877995948343,1559.6288772107305
-59.04511034918616,62.67239696920893,-63.953137014379614,-1624.7361154057407
65.97606554338654,65.86677326772451,-60.5740252061636,-366.47298429567854
97.82197250869288,86.61959442843482,20.02038678776117,532.0660451777354
-45.22026539967774,-73.28045486986387,2.645021149055111,64.56572043376568
59.16632663284355,-50.37724853835967,-78.95076981285337,213.74707778127288
21.43604293519576,73.52171914622687,69.16012638746619,302.1495328155652
-49.25258604715977,26.938410834915345,24.949419593645445,-476.5499599731961
-94.92868318128744,90.36006410778064,36.12169207366213,-1276.7120519043797
-96.49362011504004,53.83975163486977,-67.90971770280936,-1973.001921919773
-76.899334033771,84.33492182641723,49.37557162059153,-934.9576485373068
-45.58675964903163,56.13448828825207,18.67644625706957,-700.7209981944545
3.198749666639728,-21.05153221214313,4.227065792777424,197.39181428639603
-93.9786459949762,-35.43721825284125,65.10611072281446,-125.77093567454313
51.29054096664592,68.79740575306738,83.84963348691662,765.9702707772371
-62.38797449664728,-1.6097466026117075,13.793309776979342,-508.4717307553768
34.848734417158425,91.6500503173819,63.80049710306582,261.1414658775034
25.93774023902155,64.17995688390775,21.40791951648295,-17.211020148792272
-86.20678798596582,-65.43953714452275,-19.414225012881857,-598.7191449639357
-14.633211396516629,91.53191677062074,-29.414566257227293,-1071.7866276745572
90.32384144851936,83.7414097048501,95.745253243893,1158.7558257462797
-28.159532290975434,75.98605918699604,89.3959885322453,-28.933840428519037
-29.03295238137788,-90.17788136956835,-44.21463238328498,-77.01604567636514
6.670097997997232,-63.068370474327786,-16.70644248065622,337.82159097436084
-39.65144581058422,-29.73628842898732,24.615022615190824,13.174764433786436
-54.85239288221189,-72.18064045253847,-86.69488967818435,-843.5134527580088
20.046962569527693,49.56423771748669,-31.15974881117107,-446.9177776276696
-37.98844659878768,51.05274908469244,88.75935877261608,41.58051937282096
-62.01297914796686,57.09093198541484,12.054343214064204,-931.2772264509948
-10.64902596412378,3.89703208438084,86.4824790467699,624.5728271890254
-26.039322815479665,-31.043147699624484,56.86211735918312,448.6678619752228
37.82876274001265,-71.05427528610647,-88.17189042438729,62.12054058338629
-70.2180855808062,-75.59700176842297,-29.328937174140503,-456.96227799636574
-59.94749021299097,-30.395185869110875,24.13495526961545,-189.4940036195945
24.07689009264425,-2.9008187190579378,1.9342929789977177,258.4832687708275
-12.472753344440406,23.044790674348377,12.581129323718912,-192.8109042513725
-93.08687396997122,-42.4617349058571,75.90654683324746,29.522326140514565
87.44198535800359,44.74121047381303,44.61643226932455,942.7792706872656
-94.62642140126124,-7.125306857937758,88.85755467513297,-116.66907393085148
-89.51663068376425,-89.5539619213793,-56.6561103931784,-798.1935669265929
24.7316963581296,17.840805262727116,-21.4764982621944,-90.85715761754344
0.5518063116121539,-78.83394252322947,66.16402241863108,1132.8318625464076
32.43739659116861,-84.40995894770671,-17.316031100342343,739.3993986425519
-53.17748550777317,48.852837246836,-15.51640811626656,-1033.3923888519828
5.276604546433859,13.235867823983767,4.020947752087693,-23.696499534758544
82.65947580029427,-58.65275189007182,-41.46769750988872,843.954743644447
-33.615892200615775,86.01499496959414,-87.24594320910947,-1743.477375675302
-27.99928573334789,45.87968929755164,-41.58791779955149,-995.4419426123038
-60.98024905704773,-48.000484426312525,68.0893480158854,319.00503255667905
11.730446633820662,84.78675509034687,49.10246952236611,-54.28059359292649
62.2098023704645,-20.327238983011316,64.97026879868369,1329.1211157738776
-76.18238528219356,36.937620943917295,-19.570536164408907,-1216.5220249090369
16.275885588728855,45.00183988598761,47.08162648881856,251.48061508474223
4.591606598402564,27.135577065356188,18.53723273253358,2.802121119334572
68.72809921483582,-68.07975387200551,-75.93774856642692,460.3995321545544
60.17413288124979,-86.04462325849794,-0.3108552753468245,1181.2559941438622
-5.579484129925177,-61.56509046161042,72.96017278220864,1011.8023469718992
75.3221474773396,0.1613756537598618,18.110168746945604,895.0833639195873
83.865232323904,30.727072853273683,41.32514649212695,975.4891316952668
-36.489623867797086,-90.98816860360546,26.630975172259696,491.6997180976046
-6.878206086242386,-91.8239838646018,96.31842945071952,1420.8516912462644
79.7315822448216,-89.91726438929413,-50.39823854861248,953.1525262357628
89.9515708063442,-89.60032249764782,-51.72719758170252,1041.173187311654
-42.94992459253741,25.683209788152556,88.12825845018403,163.87261160921437
-32.83756948055576,48.77012196210197,24.2625978169382,-471.4031681878277
82.82096438103716,-2.855811556424399,41.87853552849185,1205.107144461769
-65.51955568489183,34.831104028186246,-98.70834840339248,-1807.3884206767543
43.58382997199436,-14.392889275253523,-57.88327818583596,-4.360979025805364
-79.56876718590095,6.50549555734716,-45.36578072404802,-1269.5181672768715
21.519701859786466,19.41497606416469,39.092993530837845,411.1291279262524
28.181808045556267,87.66192281147335,98.11727067199485,531.2400568232028
-92.27719365668592,49.87935886985469,81.70801035983413,-556.5553554173348
84.33398511606657,-28.921974873067555,31.06751361379881,1305.401297796328
70.83932074278931,-80.99231307673729,-2.1591209195943577,1235.907310688705
46.41472551442439,-50.14998438444993,-85.76490312295664,23.31301772878373
68.44667584005262,-29.703339778876625,51.30654097090314,1334.149005590791
86.45444075663852,50.59725512217781,-51.4210266994515,27.57438141607696
-77.89111389875106,91.14257766841166,-94.56195550636714,-2287.966782223697
-78.14408900693573,64.67482378449725,-13.946158948641155,-1379.6800870986085
46.99529856441049,-91.54946330451055,-65.44758796155693,501.7709371216664
-3.2813683742861173,86.94116413856523,16.86935068429092,-509.57767655419946
-73.93339835916993,65.89955570680073,-85.89988074778515,-1993.7298002693708
-91.89341544640408,42.17199705935013,87.85603672085753,-443.433803391774
81.83790800341114,-2.9296920460703006,68.43838363380249,1434.8323770608258
-64.38398026408996,-92.89810101504456,-16.928719814129238,-165.9115738627508
22.742556482442453,-66.3968279710573,-24.089600563918665,455.3969555465577
-40.93099214421589,-2.738638047181581,82.07068496404435,328.4967095645113
30.199597929736825,-93.41331878726947,44.102914676511375,1332.815442896857
77.76588228589546,83.50360881317752,96.28860743403324,1039.7310280730112
-89.67092292878623,-12.106404270885236,41.26936473622479,-460.54011676564255
63.804817202483264,15.267402338815828,-86.62361733811233,-268.4362003898891
-63.7139464211191,3.95071875054316,52.492386162341546,-212.36302000391925
93.7917337677574,-68.74189169606527,78.94843967712421,2109.646536644149
-22.345321576338392,66.7037628206362,5.664969959360661,-659.3948258735913
9.884008792582222,-31.413098246150557,89.69886252941464,1106.021538413608
66.2337022975477,0.1414651948322074,-32.93089140455557,344.96874397065136
-93.40057446384056,-81.53319748547547,69.21057887998461,239.6218476797842
-55.230766987115885,46.621730678198446,-86.17025366958538,-1674.1920676448162
81.70768695876973,49.98215730835415,26.05156042310493,681.6658122371626
87.11889705959229,-41.4323835550622,-70.07667861003739,510.52554799102177
-39.15145334292791,-92.79223694097644,84.42536959572678,997.8594515190972
-86.4429206732654,68.14066182839886,91.44672628041933,-538.3933030076724
-69.40648644080458,99.95313157705286,-63.10614050055299,-1981.6920499523928
-36.188793200744,0.1733853982595263,-18.128545116580568,-546.2585358444817
10.976081973193176,58.49973618864158,78.45653001817138,386.3714365749832
75.93639774660997,50.14137965168513,26.455302158055236,626.4720393268009
-99.64852151035625,-64.86530330655353,-23.211466638154235,-771.3312917010757
-74.22523755673645,66.03604978257852,-7.122140565874815,-1288.6039891382875
-21.49872456720816,-97.74655294085576,-31.386936667418965,166.75619490713808
15.49922450640156,-63.84562603147796,-29.99767271083398,311.9325728868555
-40.18673290110151,-93.34270898287944,-35.25966745058997,-85.80537318616871
20.29256228830512,17.172747605721185,-37.00665919485695,-270.3435431107097
-8.075641348278765,-96.85733025770638,-3.929750543477724,541.8771434298576
32.52308857466048,-47.62580612275542,-8.539104786065096,561.7595855313069
35.771951650269244,-10.143788043427634,28.58163834665632,665.9607779265928
18.22998521233501,-38.1191406899712,-40.95888907758953,60.50383525484267
61.8821703692345,-28.71687319433778,-99.5181553199957,-95.8235818272518
-40.92576428881532,-32.94735376247854,15.66510827643215,-57.640192062914025
-11.300356115253791,34.42439312625288,-63.0528891182788,-941.4503151008172
73.57170732372771,17.927341320809916,-29.42090624417655,325.4375277940187
64.82551218876065,-59.2454212033316,50.94273049684426,1501.457644782526
-58.03178294933915,4.34980734068003,79.78792148024715,87.32481244407268
-5.917068300057622,-55.76571325752128,-53.39030720586337,-169.3234550506976
20.400665994144205,-38.58699464913868,82.30723003993702,1194.8806928448462
-41.48017290046053,-30.89654873778119,-1.377839107040927,-230.92643980350533
-49.70937486359719,-51.50258203535538,61.05206203396671,392.89288391721607
68.837336725896,-71.4385754928326,37.70953711240429,1507.8292297204266
14.552679176817987,-5.889638286040679,70.05778911880415,797.274361839702
-78.84010156339008,52.760478472694814,68.80190676748865,-558.5072040353668
-90.04878068158095,-1.4234842666377148,88.4283364732828,-114.6683886898004
79.97573438622103,-79.31086037419584,-51.63584418183687,870.2107688450494
46.22199067995945,-67.90447065272375,62.1870482127234,1477.2346352831714
-84.28558665647081,44.678221646008126,91.439446725648,-352.6483975559331
-41.6971673126117,45.61355798573919,26.15172698144201,-520.9010361933132
-85.445185753707,-48.5863817766893,-20.62871023724402,-720.005577235441
-76.93861917290421,82.78877257004058,13.641618665628968,-1246.1330317286656
-50.33282912677268,-97.65366041035251,-89.1781357974613,-642.3558905724108
-92.2984138675074,99.5479108495892,61.29360039026085,-1088.177111109851
-37.38233049284053,58.54760590840439,6.734515745537266,-743.0459045774006
0.6547825370693658,90.70386253591415,23.56066260449596,-436.3332489402419
-19.083066047282188,-79.39220548428531,-12.504783732154849,232.37172432778164
89.29278369656828,76.53288635536171,-53.34806395716243,-142.93494313631106
32.23806149486356,33.251023376658054,-38.71668755168351,-278.8267366531224
85.00110767745318,34.557895253399835,30.523431873024265,862.8166968579513
28.7126225633329,9.187754395474885,22.02638255669744,401.0493878752818
9.011717905715829,-60.97262122582639,-8.691864892102814,418.6987436090177
97.57844310996164,88.94115591277102,26.346139549463143,570.3115956553877
-46.678549664628434,-43.93407683115371,-27.737503378711462,-428.8844892366116
-48.69839467493679,-26.070727388883725,75.25229642748928,352.78181282022166
65.4835061774011,46.38014130043254,-92.8198103336646,-525.2042203319983
24.833524989802758,18.675449397353844,20.48411875210745,281.96417288551766
53.5853572030949,-20.88767119188944,81.43115745605579,1394.947687478677
-80.0158694748707,-40.91232674395544,-3.4930647769311207,-565.2099905333988
-69.55922079709671,96.34946410970582,-39.01417285873079,-1741.166012467485
-1.943664894556349,-78.00906151551675,32.348902263849766,797.7669020377016
75.94960992502001,-1.6565323146999162,5.447031071507212,800.1151050966645
72.7126136417071,52.64596730139036,63.97656176003469,914.3934211476504
-4.309271757851718,-83.44342514123153,93.70255778428997,1364.3342784687131
-74.63995061465813,-15.598022785645355,95.42306305289628,201.5942208290027
13.979630080379238,-12.4600996979068,5.896076192015329,260.0816844172779
62.5315844558844,48.372498533336994,-86.24121401399576,-509.4625713004768
-46.41294743664965,21.250914638139815,-67.73910795020322,-1242.5378483853042
54.71794877063658,85.94695750615247,-29.371632612731812,-338.7939083512879
18.113618555673757,91.45260990191198,-94.7712363634056,-1331.9732110272969
-74.52019397633643,-34.980217213343835,8.129347473130366,-447.1762920117842
99.12590379680668,52.0513139643202,62.349104965706346,1168.0417849091828
-47.85256860036762,-15.174885065432209,-43.65297621330762,-785.1782764654192
96.58987876612116,-98.44013412248856,-17.650563656473835,1476.1246536103672
-29.45120931232597,50.73986341025031,58.764567588120485,-140.81002870192754
-84.5841913514274,77.36247204591811,-73.99374648884871,-2073.322936235339
-79.72956782846549,89.334483420997,43.33205950224817,-1052.6485267114003
52.424004370683775,-26.65621902982278,-49.473194498842,245.5748264260192
38.26437073368663,23.59502196496767,-64.73182452879416,-385.10786717705486
-28.37887353836912,-69.44352061803924,87.15136921356338,966.678231864654
-33.155381188542265,-6.748668050467899,-23.12877898289952,-512.472146378243
55.81424221511384,47.701465168317895,89.4073050995664,1008.8979118690108
35.92079366782042,-36.49024111816286,49.64250158187079,1041.4221387421812
97.64959957817312,48.327083401145245,81.22905216645933,1349.2678814718483
-29.661914025045363,24.218130124699485,-26.25473143948571,-722.4386340787214
-0.6474743234389848,-18.694973739590864,-44.28430458231667,-294.16866829810385
33.22575682145893,86.17300879394503,-86.74978486240659,-1071.7015571046852
60.40392002556104,-42.99944361468058,67.49421841874184,1492.483271327051
-66.74532225914979,35.02763765008149,67.24821149271807,-327.41278270760574
29.629602285652112,53.52835733848531,8.982059347819742,-17.56394438249835
4.234063354290711,-2.141480231467824,-38.71307362982939,-311.08666750528266
22.88548968225396,-76.37864669124362,-57.99935140646675,221.5112610030443
-62.72640883341198,-9.689723152000935,-66.85205830218572,-1181.104550989785
-50.38903063782967,-83.73971689691567,-90.26987641167744,-750.1411758049838
-89.24351914954103,-30.85540122227559,52.11925283758674,-227.3741074012006
-66.43709973023282,23.723623152298146,81.15787042988856,-120.01552549941812
-75.1690718670085,98.22593417605113,-81.95911548625469,-2196.9042972787347
-25.03009941976356,38.81046335439024,56.50984058826791,-33.385672383956035
51.48412105727528,13.496743767054426,19.777314773379004,578.3598371637828
-2.6108600573908376,28.84241423667794,-72.563867213365,-901.080305150939
74.38932039120581,-31.72937098444324,72.8817948986154,1601.9349548906994
78.47760173939756,-22.9822384235337,82.56805021796956,1668.7641383204375
-55.97447520460095,-20.411401064190684,79.128937611861,275.2954939100744
-22.739961841569052,-54.065137808463895,-75.10101044841633,-544.8527477921903
50.5398803114829,-18.501528532542054,59.26847157717936,1148.3257470372375
-95.77013457288771,43.3566888451704,46.93529277729832,-858.7805326493852
26.39793662280438,46.94989006384495,20.001616882974588,95.3446877279004
-57.69871548594188,-45.424978689124806,-77.27069749501676,-974.448581490696
-17.999539888598378,71.01419367049334,-26.916520456568605,-939.3434386885548
-10.574231645706874,45.6607588980776,-26.203852445506385,-681.2023007531694
44.11474530421893,-68.0475842476483,30.30650955770969,1170.2391287951143
-46.16247874175266,-24.567507139504755,57.07499560359943,204.0227229914016
13.73111509611526,58.572274961655125,48.267611495267744,141.71372968697642
-47.12880541597828,63.40043372485911,-55.11114166608708,-1431.0913652285803
53.30014840563357,-39.47832685951545,-8.593245509657834,712.0105624860232
33.64151658193174,-26.99056882250514,25.828369077004226,737.8044692698915
-1.5709759347326724,37.832698618172174,-40.54554507989276,-665.4485553935667
20.553200647942177,53.70425700218303,73.89325359368766,474.64148980732944
-2.39483793275923,-44.30700251648543,50.91779863733248,724.460826023798
94.00747292176588,-91.83085170027604,59.65245999779887,2099.7628310997807
-48.50924766609423,-64.69661518985711,77.29778446019353,643.4638898097992
-44.4133751435442,-60.651627250803685,64.83398472330961,543.9335018299703
94.31289298437544,40.892908894558815,-95.2843510779686,-220.6805921198745
-74.02458086733886,-58.91204819884002,-46.88491074346146,-769.8256679726614
-8.07205826446544,63.44576766211833,39.34093244365607,-190.77256428657807
-50.01278708398842,-91.4591595609987,20.792722198197737,307.2207458708863
-5.964185098328187,-79.69993622582871,-79.86194193462559,-240.4997748141112
74.44369041329222,-10.058776220397462,59.90562828180072,1333.9989922119107
49.02376253892942,51.78820910840548,-32.16560828096979,-181.77031289827232
-86.08155834231812,-11.781978217441178,41.94557099094792,-420.8315969825617
73.90653393158996,-81.13842407922174,-10.615161961989088,1191.49785021255
36.67550880691394,79.41770195925193,25.091101483191764,16.651087703101723
69.75246358706482,-35.00739739334023,-5.877666381845742,869.6774201874181
-59.30921163207052,85.11586119368118,-59.80703823241331,-1747.1664887681932
-84.71906616175747,11.86735378631738,27.988438963713307,-698.3661874483766
-22.274328614210063,45.07896017379727,35.4734330123903,-239.0351102471689
-69.44190205427054,49.64808157241112,-1.741384783651938,-1077.628054602451
85.99616975329187,-57.41204040263544,-3.7192845542049895,1208.3724193635217
-98.78923271130164,-32.58569844600949,24.244323439427745,-561.5935270361005
22.544888401172017,-53.605041232257335,-14.936689494656363,446.25396718561416
-82.21663656183557,-10.27001634347286,-49.583284010168825,-1216.5258073055652
-40.44456243508354,-90.71173199737665,-73.7492925409519,-453.2071332377661
-47.29939275330886,-59.31611828368644,-27.870711724034123,-328.61750506359067
-85.44619082004996,-67.88989024865359,60.616766056989405,146.31821805298
79.6865369123635,-45.43784050839071,12.597016423917196,1208.3034004976246
-84.69419977862877,66.497385847141,47.41429258849848,-905.6950654197884
-14.119322151755796,71.51908189578089,10.929892753838727,-563.4577600034755
98.04285424360413,-34.12928899683595,86.14943469413222,1974.6784776610828
-9.778951854259148,-75.81974898495665,36.41578366017126,740.6907772936463
14.546373424778864,6.119032034592692,35.09473609751018,398.4831348832314
51.15408119777388,-26.318885249252915,34.46328062034664,985.9425343056288
53.01674960616123,4.003553683181565,85.02625226257067,1247.3788906424772
67.7055512548202,-86.1304402295201,66.28117843401753,1856.4992000610005
-45.80713464472479,-27.63158898259293,-58.63844119211814,-812.3961942981605
39.37327573509458,-81.60305462899278,-33.43304488244317,644.0567358119067
-93.76369175348624,-57.6526985142078,-91.3628032097714,-1376.3332568233504
-20.80918589589622,93.03944054973314,73.39710878381032,-218.79396375280123
33.44728104107867,44.23311057899747,-33.28265284390058,-294.7028392373008
25.19552760584457,21.980792241433303,99.80593576882224,976.3431522878128
95.9965244122393,-50.646464464625616,55.73496357821779,1796.1051675787323
84.48735527609529,18.053941695983795,-73.65549796404704,35.59647921264286
-53.022973051097686,-15.197361228213111,-90.75410606345008,-1260.635156484536
51.14059048726759,92.66757669655712,-90.16141418706805,-968.7198596868363
-61.13644987098039,42.94941145300203,-71.08362262687918,-1571.762982522731
69.45730505480827,-3.586517717530484,74.18431234014648,1367.3374856321143
63.35251072085305,91.96385812151112,-82.88999695907242,-776.2318722736992
72.6461680703045,2.1258728196199854,97.00139654271136,1564.593139850107
56.85714926151789,-96.95716168355496,0.1140286988847947,1228.2978826900269
-39.28461556479175,-53.31393622619631,-7.061367979769969,-103.20091388247302
77.04218138811481,96.20556271593824,-34.374041131811424,-232.3834953167224
8.058029272896448,36.56257571781404,67.67405283112888,413.708738184426
-94.6014096412023,86.11089579454375,-58.976952628272514,-2099.582940628282
-58.44521623605612,48.77959761110293,-47.94769589929704,-1377.438608731955
-38.586570771836136,66.85602777481938,19.064378952894074,-702.2784915660504
14.267118885631078,-30.92737421984478,-23.910755552472168,123.96600842297477
88.79831443648806,-99.21531380759056,-47.89348921822501,1131.4489380539894
-52.87139950630042,3.251482629534564,-27.124069962267,-815.5910031301491
69.04265292105995,-2.761162821689325,-69.42708859806982,64.91087157979644
-58.29351405333376,-45.69700167883008,1.0667525506524242,-273.4553558256552
-38.02574285101428,-71.39335269085234,25.298387541818585,327.18152820219086
-6.862077195920733,-77.45015518017793,83.62291350522628,1206.1365358490748
-9.820965133304284,-23.64465051584419,99.9859761883348,947.1766879728796
-67.61155157318699,91.25400373038856,6.324901456067352,-1277.9694287399834
85.66254953974564,-87.43128702435472,39.73361772544462,1806.247064096941
-63.68090007999272,-12.539026301498325,50.17170840206086,-117.49044107089117
61.1353637771015,23.67475190833608,-60.97707712009888,-123.16331966822742
-63.35882641531596,59.97854205296253,18.30578003332603,-908.6860382239632
-32.199141332607056,-22.419149291388024,-33.8681426946267,-489.87065253799466
33.738133417058094,-51.84828549707567,52.25546631494871,1150.6185294846491
-22.625416424814347,33.36029264396089,90.1669313160559,331.72616908863336
75.41643270082145,-24.949082674426165,23.361500559098573,1119.061410761085
34.50679343057246,-6.326347768004496,91.12386371428792,1189.4671421103474
-63.03546548432606,-99.94949776846804,-61.98682973168008,-508.589638049105
13.723041198131014,72.99509858973929,-83.46595105501524,-1144.928837642002
-89.9936759116195,66.32394884839005,71.19273146381477,-743.4698178805924
4.1040265951278485,20.017056320365143,28.34403151064285,136.01715530450815
-1.7158001079516652,-18.596003311665683,98.957048601696,983.627459517407
-39.96880628230468,54.37512716657139,75.94791989618565,-116.78267392337568
-12.78951838418736,40.77736062128753,93.73582571166293,410.2857232140801
-57.60825400059469,77.74575653910469,-58.27768859262121,-1664.802033113271
-25.33725309025334,55.90671512972622,-89.7371685555809,-1472.354053810845
-7.554840310567684,-69.76902031487384,-35.15937161954028,76.40039452257759
-89.74314405478805,96.74838427539524,-54.75260024471933,-2087.4435326781213
-25.51571165213622,-4.105212208107062,63.06958520692336,321.2056357976976
47.833262081804975,-33.83193537483187,73.98875176446236,1361.054934322034
61.10770600647305,-9.40656576652836,-73.07816039551793,-0.7804231292323038
-55.597262445940856,0.4770150391059786,-61.27287580584626,-1130.7676119857667
-27.174552598832506,12.66801844189196,69.24221804607012,242.75830733306225
43.01838504722767,1.224876946997128,-41.96596981511511,23.91598350726082
71.74185515236917,53.31500081814846,97.15399239569568,1198.5994773579134
-99.86025386405876,-15.588239026624365,-74.77775167135442,-1582.484630496407
11.82250739251161,-28.80586847275694,-80.86416393293163,-427.91132216197
-29.898808386890167,-70.58469527451643,36.6392928126231,504.8584183663213
16.745294154947203,-22.18306102457568,87.00242615747601,1085.756204138786
36.28190110979773,67.9843891775626,-64.69048114595593,-715.2860434585643
98.5696692374836,-63.786078431629846,58.9319729198121,1942.5869976745537
-74.98439974237179,21.397264396459704,-70.68532043860141,-1555.7927321463485
12.5612779866088,55.70482964423576,-68.35531733485337,-899.5188836572426
-36.63067362281134,76.22836083048281,87.13289967902574,-135.7091649302613
21.056988975156628,-10.67285597625623,12.041930812024432,373.65725889357975
92.99839312943004,-47.8425843144686,42.41091734349547,1626.5802775870395
-25.552928066424258,-18.88239219767027,11.479339373657991,-40.038480917628746
94.43696679167384,-31.40724710422369,-11.783209018879973,1038.1715164763843
-43.84583987844919,-52.61381837836812,-30.134383750419342,-361.3711238896893
92.78727684394453,25.819820074162465,85.28388625193438,1494.6890041877173
68.45338179481189,18.778002677607432,34.733953149852994,845.6933775535438
29.075841537375798,68.42089061600245,-69.52158055118925,-833.8820438989624
-7.957026385374078,12.016317087916503,-93.32868981968365,-1023.6426918463092
37.24746329252318,34.558757530583364,-73.64106864506965,-552.2062875944787
-77.69651557191564,22.672414102354026,81.18037426723376,-225.0486860305308
-33.686545212172845,89.1346452861242,-41.57310728666644,-1354.9659347045958
-25.47028517420165,17.361478434955032,-27.37823971786109,-642.6373582474516
-49.395557697318026,-10.549089070544952,17.115464126641513,-286.072776339592
-78.51584350779686,-77.83609160761185,-52.64754215313203,-734.1336732028738
51.98494727499977,45.34226833444848,95.77627596514536,1044.4400780951664
26.916099170044177,-87.70478008060967,0.2010332578264808,864.9037515851477
-64.79064482942596,-39.66186331436208,-47.38360175536926,-816.7258208920484
-75.86255221301758,89.71281873494453,49.825441729777566,-958.1862777067892
-52.63212733723284,-97.88785169388348,48.86775239085017,578.7034600025074
40.34808830593062,25.01463844907701,77.3413411225772,904.450484018962
7.893021424950717,-1.4338652101826312,-7.054694843406125,5.475017130130468
87.64017785713747,17.333496966797995,85.32962006237085,1503.0338803651264
-76.74525961203788,-10.653493821118047,7.8262388044636,-642.4419901323802
-54.1581440087952,-68.21554142331092,58.134811241956186,439.1406510528302
-39.127288176472334,91.1445271662229,-20.202433591938814,-1231.106474255733
-60.833589638906325,-12.082536836203332,59.34365941185419,-9.665203828952144
-8.086633714219388,97.43657986479748,51.98756923811666,-315.0342730527261
-70.25740157937759,33.317609493984776,35.366828867080415,-637.4958224479456
70.56827897607519,94.57577949290432,-11.482084611016944,-79.68642818873093
-18.589504282500883,87.1134579303544,18.895713401928887,-645.6278277201297
-15.90572870479481,-36.615017267333805,99.08927004150615,969.051264196944
50.05032750297133,86.15366309404459,86.71425642982811,657.855941239854
-21.167004227348983,-80.45562187650302,27.93221151334293,582.9092144821177
9.50453277275804,-70.65613352863443,-81.97857690980193,-168.16892976019608
94.21254397271856,33.55283408503681,-34.32089519403645,378.3675443855998
-70.97928976581942,-53.88471392162837,-93.60179007442036,-1195.0160108765788
20.71195396182823,-54.74274489825548,47.46611415419048,997.513781293785
-31.425693651790624,-18.43286591262627,-14.837815293526576,-338.7672127712615
23.72663591101518,-49.696951525102186,-29.167217179816987,302.64006516751425
99.56656096461708,67.58679293069017,-77.82151418953423,-197.8355685744683
-73.95967630711864,25.688196288420613,-81.47531594074246,-1672.6919805568127
7.150285639857955,-13.82244862108486,-14.544885952516722,17.356023173523056
-51.133939589483205,-33.893595270530525,32.30023484088304,-3.382115433171009
-29.257662069798045,73.42257748748543,52.34323509957963,-355.4455472141618
-15.20726491959404,-88.97401787733088,-26.771783459327565,209.7994248114277
-41.69840283525617,56.22227334134783,58.56230423013332,-303.4792036707965
12.419562035517204,75.90195449809417,-41.70108960222623,-802.4278675515231
68.12963054564003,34.74845294405168,-57.553548483747655,-99.92480150569044
78.20439755738315,-3.2733695804858485,3.550958101094892,816.9161855470863
84.55692054093547,-77.15981967828995,-35.57495686963834,1045.5133313306392
19.429947755875347,-83.71073008012289,-18.158465382497692,596.8483996771345
16.344254718396485,-1.538438637870314,0.5265281505249817,158.95037100378187
48.0559940765217,49.37126435636509,0.5097569152088539,119.54890250754109
-14.5803859555149,-28.498200066079065,-61.17286599722607,-516.8722530676301
68.28244849903274,-56.780622620390496,30.86092221816051,1338.0371432965055
64.94819297962545,-66.39478138118878,-5.592879647289408,1043.9094826389712
88.7591953068287,73.07559825904403,87.42302435186167,1142.8699844217338
-76.7942476095453,-52.10658728572732,-55.29408809547935,-920.843157954676
-5.377704743147604,1.2297167482037423,-73.97015691377251,-748.1164768928548
-4.245615995422881,64.62107437080311,-51.18460397601634,-975.4651163339976
-59.830479321910616,65.55191129493844,80.05113992130981,-356.7079129918868
55.13949328831367,-50.88582395449872,74.1051416575416,1554.541975482502
88.17843543108802,10.55152791551879,24.00979679982956,1004.0118301007146
14.782287727824524,-78.14986930394383,-24.32273113491877,455.9673821915831
2.753725697466052,21.96857529080052,-0.6053383749645747,-151.69081543562424
50.776989693085824,-62.71836626164395,-85.16231117036868,160.33766022904786
-55.34532902780116,-77.70314274706512,-6.652415081033396,-89.40302677785634
-32.082006875793525,57.06159135186519,-34.95976847764821,-1054.8891245198254
-35.09158716920476,-23.40068522048651,-36.70427297917509,-537.4495319612178
26.31760350008541,4.568087810589034,17.841026417250248,371.7686580819831
10.730659523143627,92.25438077765804,-99.58843449949872,-1454.7699807076583
69.17732503588448,-19.23609440258946,-3.259785599321092,777.0878407830811
59.12324876171456,1.6099929626108889,-54.22411506650544,71.94550128032046
-19.533635764451063,41.40476450605775,69.99275742347848,124.76510762439148
39.64932437258807,-67.33950589640558,-43.46455695070237,456.6887724443984
-53.20856082049181,-8.515221877507955,3.9836531070905608,-456.6261770985474
45.22474117320934,76.31699895880408,-83.08936781975977,-849.7758913573731
34.52118804627531,89.36715392294639,-17.553071062104664,-458.3358365568136
7.362392626681839,21.678763516199723,94.5235472526015,752.5845069268338
-59.391019692524026,87.1798547440454,93.15681848724836,-385.75781374832286
-5.239285118197245,-51.09066776170161,78.04705202057309,987.6652913350966
47.59970806243808,17.38674325911785,34.286120173929675,642.864959375923
28.708273168683263,-84.33777050941595,-27.566346557914216,609.3500062315163
35.00486174200188,94.9167967752445,-42.82538574475572,-719.7974317094943
89.14273370716501,74.91235369842991,19.271193310511947,520.4816009772483
55.702228889755474,-16.346534685347052,-14.111281222759956,524.4465006901445
-2.2350111449247265,-30.932200808429517,-36.71420173189619,-156.25252137730638
-47.05923815158093,4.94412188437498,-56.0878585878873,-1029.9919619974198
35.561414495684915,63.47672079345617,10.454258490212908,-14.63457418542788
79.68472391018662,-80.7616272147458,13.0764695011881,1459.8668551157798
-0.1151252997034362,-63.44710590035503,-55.61114048846394,-77.52177609072464
-48.26582284149061,23.03228522757128,75.90550981480848,19.26536332537125
-89.45144059922015,-70.34888366780496,16.47241739684921,-273.820463745924
50.41918603675581,66.16127314246026,-23.01380711993681,-186.06131570909517
-92.11669336433388,-0.0836551822863214,-83.52444625477258,-1692.3013636602875
-17.329496473078493,72.19639763543375,-37.68627761905239,-1037.8462467502927
-92.75560785249478,-47.27121802232092,29.27829641511508,-353.15288463266563
-96.38917301514904,-24.58562182419155,-19.520613822657424,-987.4779017860662
-7.1782392132139,-65.44770344382437,11.432189213211828,469.2412348935381
-88.50530991258326,-49.645234390170565,82.85213305776077,188.13273912520825
-39.40084608202543,17.276720330043503,-99.00284205421292,-1425.9710816184752
-19.13196175133494,-38.371941323189176,50.61071473405872,512.7804043555033
72.05197643293616,-8.4038255332501,-51.9983879230637,291.3610517545389
29.372867352291337,-17.485052496801032,-94.3697097515718,-453.2033467636255
91.73620341264008,0.4378218253195882,86.22753046518176,1670.3450555357997
33.10609844629241,34.09500005170301,-93.93280956502804,-772.9993019842493
-99.76212515138836,-14.677861697145175,90.96662013394032,-96.17663842840466
-19.154315967468666,-97.83456593020344,98.00110901790046,1355.3087829978415
89.78478427702183,-52.63054981561408,-58.80231511440519,717.0408554498699
9.493851578679951,32.24730337890378,26.65739202350809,89.1239203460459
-38.848102664816665,-78.07697805857434,53.88828952109432,623.0524254517026
-87.63280713195778,43.47859232665971,21.770847096103157,-1004.7405937412672
32.73919924050688,50.908650570489954,-70.61893611174304,-684.5389865940483
-42.82571108651621,6.7736368135675065,-97.20701820590467,-1370.5357324132767
-50.6999094847931,-5.05444336156873,-73.21478426044858,-1150.5510496609872
3.0980852029441905,98.58061836807676,-74.6727406144278,-1351.1381420769455
-69.40988560113964,25.390598553410957,-25.77859293411133,-1123.840382292275
-36.00696743752956,-16.72120752923749,-52.110725713094254,-732.0177530884815
74.53761951982901,5.349270900352892,59.26010878664116,1221.2722779755902
89.64128526515503,69.20221842782917,95.64454387484405,1252.7982185303424
-59.53269249993836,41.598619958671634,15.2400904636157,-769.3564505375437
-99.9795834065071,-3.5155262688223274,-11.054612952300118,-1094.678666754016
-12.27849167985002,92.17848831581571,-62.91175295006719,-1354.240111559815
79.0901636794681,28.95381804424136,-27.47585391486463,320.94222525120995
-1.0999015537344974,-68.71746735683493,36.15374372321699,775.4069494694525
-12.688415514636972,-25.690428401497822,-12.922534690500882,-83.35396855039288
-99.23510541231596,31.11103494114076,-92.50677415738824,-2062.6892661276397
-41.62420848271875,-21.719334176977625,-91.37478183809476,-1106.579782131197
93.63887953290232,2.780058800992592,81.9248224035282,1634.2517853538288
1.635553845290886,-81.496063385849,70.75309800842302,1203.605864229659
-94.90602857493955,25.42758819750776,-75.62813481051131,-1827.706616426552
93.8372598322031,-12.478169904948004,45.10999763567296,1411.7097663777236
7.942993696347926,-70.22218343408231,96.77257343395176,1421.938381907621
20.518452884640222,41.849490145483855,-24.83062481025651,-331.2375254642933
-28.805246524720047,76.34037886515927,48.06465945129412,-409.85318224166826
-41.58014387815949,91.49833192618166,-46.88261031552572,-1498.233255104598
-42.68525381934698,-77.64773185217304,-81.34980653072887,-635.4666740048184
-70.89785993829042,-41.86914657127198,-28.905561767766173,-696.0446292938959
-94.65010795370831,-88.63971245694286,65.95573995450604,247.57856725207125
-26.78000278170052,5.307152230405094,50.97709520076185,133.84376337701582
29.30627108916352,98.58404573570432,-62.40444923221553,-978.6656523482347
39.6581578304216,76.49587319578896,93.9991665524991,687.1029649061852
32.349445787272,60.556413638759125,34.05319802167156,186.07834459645025
8.685191775686917,-61.59307974619548,77.7374606986468,1197.640622268059
27.71892752736009,-50.49334327887165,-92.77274975219376,-224.3120695440413
29.98153382858405,-94.06288864819192,-89.23397502587717,135.14978359028942
36.84171643153812,6.6581271696895925,-9.82159479654365,213.4159209586612
-47.66851956547189,-54.41348259157179,29.502813549340917,149.73450443035188
-14.262792472106185,53.77443413983329,-13.385366829144104,-659.5172651621918
-1.977030838179616,-98.88266507048571,-46.75582863680239,231.6058893803824
-94.0346119540236,56.061902403045394,77.4660619650968,-655.5848786756826
-85.74215691481757,25.02092926718531,-93.04540875287356,-1889.976752794335
-51.07013930260101,0.5282770291403978,23.262008728640154,-325.0412536722315
-0.6611793294021879,46.404860264906574,-75.8473930414832,-1034.0723525217168
21.33962171861961,-4.6490793890205,27.606499154085213,474.3982652961065
55.39882150977937,72.57350160153169,61.06750573952744,575.5812555428188
-65.13634170139355,29.26159344203089,60.32246652451323,-333.29237238753274
-81.65786554185131,91.2068753816016,-79.06466900431761,-2186.608804128583
4.1973811238077445,-84.4587881760987,-46.81160771201858,191.88085906260116
-26.753636236959835,39.25955049741384,21.284344670245275,-370.7941138192877
-35.15106543510085,89.1144285922567,-85.50933855386467,-1764.8957014815874
-48.045320279603445,22.31866428582103,-41.974816023394965,-1034.4571970073364
-58.63794117039811,66.01021487558847,-80.32781680969303,-1791.4012671203377
52.30578367839877,-76.21263642002143,-25.72264397467154,805.0424959520936
-50.09778167347005,-93.04532768824753,-33.133433522524314,-167.86142461968683
66.41890987177393,55.60815646463181,-40.50104753709758,-109.57742436856142
-27.417275791698927,-24.20352610710954,-19.551167125243893,-300.7085792944175
-95.84456425703054,-79.94104912725399,-46.07681718190757,-833.5496533166956
57.27046355078232,57.1185115831575,83.32345101742075,902.7861135825076
89.62526354722513,-52.198486371621215,43.43146929590068,1632.5252637367057
69.30508052998198,84.3039155104168,57.44611141013948,599.9383994181575
58.524185316527735,58.19153391493097,44.02383070443415,554.1155921006679
-0.6333790384357059,38.16651611692637,-89.89832119504875,-1102.5842939582803
22.24691404053874,7.925532135494365,-93.02149784927438,-690.2030651865426
61.47545806334159,79.6840033471401,38.48205009075997,383.3050080202749
45.11234604204057,24.02384590531045,-42.67362914727955,-121.1061232422834
-84.33976633707269,-50.133740927914936,50.063819805042215,-61.88709862994233
-83.26451471584943,-10.689427499311478,-55.46620202060237,-1277.0149728487354
-32.97332879185457,-79.03237069552432,-76.78184644938474,-487.54331109433815
-11.373103162325776,55.58946441956047,-20.91872932328849,-711.1258464697775
-17.3325531469485,86.24909697681841,-18.15798907254758,-960.491111960142
-40.02055871512704,-16.6438697039288,83.77532586724718,450.2794335814558
-92.00286102845038,-70.98582318364947,-55.17387069823949,-939.6926842831132
-59.82891440816367,46.515621988545576,11.143721837288638,-843.6050014658579
28.71667763105552,-66.3521986665323,56.37711606641969,1239.0262115740584
32.92444053762577,97.32663830599856,64.07697336220463,204.6506974941095
-23.97528883523408,-31.624205069245704,-10.552146807192813,-133.35277413235622
-41.95837378181429,88.83424702575533,54.387289239630974,-571.9378638417516
52.76065607876882,38.55292919019209,56.1744025259822,743.3056791901834
-63.2828624491272,91.9439710893864,-14.167619256991289,-1423.9449954298982
43.5610116715886,32.046257078345604,-91.55404757626968,-632.7001110189603
81.82068511923737,-57.12883567099731,-81.64490543206047,463.30455200081065
-29.277418051055747,-10.467711050601096,-88.09784555004379,-1032.380813106744
65.81135076459478,23.51261773948721,-54.70673030884781,-18.835389310093035
-78.0047729861489,29.93481461779271,55.15821670162427,-513.1674818714196
74.95317047593522,23.269102994548877,-5.243386715870727,519.4575033546735
-5.3521890603554425,96.76714545963878,-38.3233456005762,-1095.8020192262118
95.23303617178492,-59.825741229756126,31.79722990184237,1637.2856194427236
-97.05678996899734,-48.07694026496543,-90.50214030355212,-1468.5485805671844
30.679074702599,13.57886662594838,-91.70107513298522,-633.5709955525158
79.99616628108129,26.68982496022467,94.76059353909623,1445.9782299411063
-74.34230025156671,-40.2003721062101,65.04050342204732,103.34413302622949
-89.70793942372487,24.428167749209777,-47.48526055441331,-1515.4439134714366
7.963668885123724,-39.82345449721689,-39.982762278498775,-21.44399017473353
-39.28415690615512,60.070107176426944,-48.57464014525,-1270.5040806037896
90.96662216713122,79.28736889082955,-99.0173147157128,-556.5011930059097
76.45775985447327,35.35530325643609,-95.08121492573412,-358.6404585819271
-76.94824905927533,50.12778668697891,18.209074985378024,-976.4953225332034
-72.85851448397669,-76.51508468852,52.79406453541563,262.1670287986137
-3.236617929921266,61.728922955583045,41.80968519061511,-108.18147327275796
95.94420971824408,-49.59478037260208,84.01202826437157,2042.71381417
-49.86897700752224,73.86571448729757,-35.58270525396563,-1355.994118771996
59.3044921141184,3.8529984158123223,-64.7590306226168,-36.75734337305357
-69.87299665392534,62.28774413771413,6.705499981351949,-1094.3946756710848
34.19631147922834,12.148789227258137,4.073210502673447,273.5804847255376
77.6829917629961,57.31163097342648,25.861434382796844,588.4014102611472
34.10434676176931,99.1125681801449,-14.849818769198066,-506.3928785661039
-62.73773282320667,-37.42512199901076,-26.850572351891927,-627.0566254060187
56.72170907009405,-70.86106729371973,20.69429196759573,1229.49318946534
-90.86560606948588,80.00395401438348,-62.79282631121907,-2053.819175596515
99.04401531434648,38.158025373133,-7.994544673555765,631.3830734695317
75.09459609484068,-95.89061279007838,-40.31920600726944,1039.3073964135303
-88.3018668397145,-19.639493864441302,-2.377890019959665,-786.9432215256929
-54.021736657067486,-70.94730888599523,44.27471254158257,334.88620850553497
31.65869778076905,-39.746176553599845,22.524360699764003,777.5294599807653
23.173077262339945,-90.1903925135514,-42.74873915968544,458.3248677810901
76.19575635319745,-61.65143519257554,-41.16272357490844,803.0530977058274
-4.290470182279506,-54.30689611515591,95.72887354579372,1178.80343289544
90.69402343541005,15.466939515640576,-78.63552838950314,70.95190223908799
-55.94748239339626,-81.7026377781909,3.914021699390261,27.66983580788603
-76.30767264389956,-23.09323912701977,82.17042919076633,118.10981016703975
-45.94802195002328,-48.25358126138688,57.759461433534426,378.1300022312852
85.01323661547772,-2.316239988461561,20.954530099208228,1034.936816966882
-2.3918519476229534,94.08571708477592,99.11873551913472,189.5500806025516
55.327333810839775,-19.55634089339233,-60.70856200126897,123.79066635072331
56.46283529464068,-45.99968582937069,68.28664971942146,1481.2060012267948
14.484343185850603,-49.22513675099231,-49.83075920914084,20.94255623318469
-71.99920131670412,-31.38342500045061,-75.9862828379589,-1204.184583705517
-93.62345564219432,11.307291177374296,17.91997876671003,-874.1057857631729
-11.174717408506126,-48.35199458172745,-93.13949609555917,-631.5386768730016
95.74745099596156,70.5852187864881,76.11832491590945,1128.442902697384
-35.5604150750644,25.551240125964057,87.0009478221827,228.5456987672519
-92.05925393836368,-44.6690880088988,-91.12080324896196,-1447.9961525620029
-14.39549208739146,26.977614939372916,-91.18887845683376,-1173.498131561029
93.14705511883446,23.402582646390925,-75.57967368139218,67.43540953107856
-33.08894031283245,-87.83335010293266,-70.08156522570717,-366.7900394391604
86.07292424877716,-5.364753922379933,-10.312827476430414,785.4670726565573
-60.90710003508559,-72.44413933907077,49.90742436583304,327.20479431513684
-36.09781629718732,-17.966167178783536,-57.89895507631992,-776.3055884072677
47.72694055726728,6.610073597532875,31.394253071763277,693.5471680358122
-40.0319125061668,13.042800942368912,85.51668304341476,258.03141573248246
20.157298777881778,84.96450617938416,46.12615388919235,1.95682952585986
89.94410888015506,62.87137786595815,-70.85439558483111,-198.3481165236365
-40.905797866725614,-64.55030138903584,-19.820015132945077,-155.5860051405109
-47.5073126028102,99.79467023697588,-64.5412179871081,-1774.506779570906
-38.747583086418366,-83.93893166975519,77.91700355968118,881.3497228612333
52.1556139517262,3.5748587377089507,-27.664947762537224,227.54759849046428
-40.95494687715515,-40.45978315216321,73.14176585481079,511.944905986888
-92.6141399794916,6.6259421610226354,-74.99264305384668,-1667.4567824066946
-82.10022986314702,87.03502736496634,82.75617965555759,-705.4418732862164
-39.34464016931045,-73.74090803805313,2.2611056248687618,123.0899051970863
99.18164556919248,80.26386899775315,97.92562760416432,1291.3000211451315
60.84308304789681,75.32966063157218,22.209061812431383,261.00476236984537
-22.829804717810248,-87.27993263235192,-61.62699499614248,-191.9814737169214
-17.9414515752256,0.3771396298080987,-64.49519471339718,-782.5112455814873
49.38217076657469,48.36251097003128,83.12280025963844,883.3893332122739
12.78112152792157,-5.801939738137591,-76.26004026762243,-537.9155689624231
-11.800834304208507,96.16184218115646,95.58178467508964,49.094823765626415
-45.944530771742805,-29.58720361017801,-6.77276480978901,-333.28976573428304
-54.47356243400922,4.395242325992001,62.36524122861283,-34.21514956452074
16.008538343753372,-29.774501223828565,-3.3677858743939453,318.19681913478814
71.02547434459103,21.44962737587042,-33.23318810526614,241.00865886742207
97.52920489721264,-89.14757176519244,-58.0455534674754,1056.915070121195
-60.25453955201474,94.32850225136384,-30.51789500303397,-1557.505966307
-80.05755936456038,-34.24275573750086,-57.3169954696568,-1096.729262710009
43.925204516245685,0.2191428052301915,-93.9078810009258,-427.4528834824868
89.44225200113127,-19.54301059123003,21.87453196063845,1208.0943817956688
-51.35111604106237,-39.107926614767344,74.63908631689952,411.99610274484337
57.09376871480544,-12.579686243145405,24.581315133174076,860.2273270486389
-1.0747235362251786,-0.0851203442841779,13.694198173398902,93.09639060832758
-39.71771837583047,22.03918518118131,60.64950087337425,-25.605972166205675
-27.757417334165595,-73.99660684868616,-52.37197597802117,-250.9457092030434
67.22853572177587,-27.191358416707857,67.79123767270815,1452.746005189087
66.97616526575192,91.02364679945516,-33.0951305102962,-285.26004953133275
-98.58649552900948,87.96652047901682,54.07928655150411,-1134.9170196796756
-19.10366206059537,-71.90240443077414,20.82293046251334,479.6865845720854
-67.22815303115921,35.44697119054635,59.031640912587534,-409.1255604321286
-66.32159548851945,74.27838948104889,-17.028711077130822,-1356.4230809467142
-33.23177931204238,-88.83573878402981,-42.20645291294165,-110.32569784868986
2.463928816578104,80.73178083502211,-71.47279987408743,-1203.7383765461605
58.99568530472189,-1.5319734089210328,-67.92121829152057,-30.610297714019
47.00923639915504,-30.561678694900053,-5.121912271682859,617.9269044107051
-40.77128201713987,94.6970299873126,77.45290464265292,-393.5158882987106
0.8243145960880014,-40.836064412519214,-57.94281089677212,-247.3897012224345
-10.21274615759144,-89.84544821560165,18.18688229968106,670.4726166304267
-99.58994605522037,32.316364566443724,55.29410290202844,-744.4670863990536
-1.919628513356571,60.598013530654384,30.48826507116854,-188.98799420762955
62.36462099588709,-89.13339750525928,20.73086562385997,1414.1577831104255
